name,distance,stroke,course,gender,season,time_(seconds),time_(string),record_broken_by,record_improvement_%,new_record_holder,new_record_holder_broken_by,new_record_holder_improvement_%,seasons_between_records,seasons_between_new_holders,team,conference,date,meet,event_id,athlete_id,team_id,session,meet_id
Maggie MacNeil,50,FR,SCY,F,2023.0,20.79,20.79,0.03999999999999915,0.19203072491598247,True,0.03999999999999915,0.19203072491598247,0.0,0.0,LSU,SEC,2023-03-16,2023 NCAA Division I Women's Championship,1.0,1910765.0,8416.0,Final,164414.0
Gretchen Walsh,50,FR,SCY,F,2023.0,20.83,20.83,0.010000000000001563,0.04798464491363514,True,0.010000000000001563,0.04798464491363514,1.0,1.0,Virginia,ACC,2023-02-15,2023 ACC Championships,1.0,1627256.0,8136.0,Final,164821.0
Kate Douglass,50,FR,SCY,F,2022.0,20.84,20.84,0.05999999999999872,0.28708133971291255,True,0.05999999999999872,0.28708133971291255,2.0,3.0,Virginia,ACC,2022-03-17,2022 NCAA DI Women's Swimming,1.0,2382382.0,8136.0,Final,97290.0
Abbey Weitzeil,50,FR,SCY,F,2020.0,20.9,20.90,0.120000000000001,0.5708848715509087,False,0.25,1.182033096926714,1.0,,California,Pac,2019-12-05,Minnesota Invite 2019,1.0,1231360.0,8084.0,Final,80055.0
Abbey Weitzeil,50,FR,SCY,F,2019.0,21.02,21.02,0.129999999999999,0.6146572104018866,True,,,0.0,0.0,California,Pac,2019-03-21,2019 NCAA DI - Women,1.0,1231360.0,8084.0,Final,100459.0
Erika Brown,50,FR,SCY,F,2019.0,21.15,21.15,0.020000000000003126,0.09447331128957547,True,0.020000000000003126,0.09447331128957547,2.0,2.0,Tennessee,SEC,2019-02-20,2019 SEC Champs,1.0,1450136.0,8377.0,Final,31696.0
Simone Manuel,50,FR,SCY,F,2017.0,21.17,21.17,0.03999999999999915,0.18859028760018456,True,0.03999999999999915,0.18859028760018456,1.0,1.0,Stanford,Pac,2017-03-16,2017 NCAA DI - Women,1.0,2232752.0,8528.0,Final,6360.0
Olivia Smoliga,50,FR,SCY,F,2016.0,21.21,21.21,0.05999999999999872,0.2820874471085977,True,0.05999999999999872,0.2820874471085977,7.0,7.0,Georgia,SEC,2016-03-17,2016 NCAA DI - Women,1.0,2931188.0,8388.0,Final,39306.0
Lara Jackson,50,FR,SCY,F,2009.0,21.27,21.27,0.05999999999999872,0.2812939521800222,False,0.35999999999999943,1.6643550624133123,0.0,,Arizona,Pac,2009-03-19,2009 NCAA DI - Women,1.0,1285151.0,8654.0,,13365.0
Lara Jackson,50,FR,SCY,F,2009.0,21.33,21.33,0.3000000000000007,1.386962552011099,True,,,3.0,3.0,Arizona,Pac,2008-12-04,UT Invite,1.0,1285151.0,8654.0,Final,53523.0
Kara Lynn Joyce Lynn,50,FR,SCY,F,2006.0,21.63,21.63,0.060000000000002274,0.2766251728907435,True,0.060000000000002274,0.2766251728907435,4.0,4.0,Georgia,,2006-03-16,,1.0,946453.0,8388.0,,
Maritza Correia,50,FR,SCY,F,2002.0,21.69,21.69,0.0799999999999983,0.3674781809829963,True,0.0799999999999983,0.3674781809829963,8.0,8.0,Georgia,,2002-01-01,,1.0,948395.0,8388.0,,
Amy Van Dyken,50,FR,SCY,F,1994.0,21.77,21.77,,,True,,,,,Colorado State,,1994-01-01,,1.0,190245.0,24.0,,
Caeleb Dressel,50,FR,SCY,M,2018.0,17.63,17.63,0.5700000000000003,3.131868131868133,False,0.8399999999999999,4.547915538711424,2.0,,Florida,SEC,2018-03-22,2018 NCAA DI - Men,1.0,1063976.0,8619.0,Final,36584.0
Caeleb Dressel,50,FR,SCY,M,2016.0,18.2,18.20,0.030000000000001137,0.16456390565003368,False,,,0.0,,Florida,SEC,2016-03-24,2016 NCAA DI - Men,1.0,1063976.0,8619.0,Final,13430.0
Caeleb Dressel,50,FR,SCY,M,2016.0,18.23,18.23,0.23999999999999844,1.299404439631827,True,,,8.0,9.0,Florida,SEC,2016-02-17,2016 SEC Champs,1.0,1063976.0,8619.0,Final,5027.0
Cesar Cielo,50,FR,SCY,M,2008.0,18.47,18.47,0.05000000000000071,0.26997840172786564,False,0.2699999999999996,1.4407684098185678,0.0,,Auburn,SEC,2008-03-27,2008 NCAA DI - Men,1.0,240037.0,8288.0,,82515.0
Cesar Cielo,50,FR,SCY,M,2008.0,18.52,18.52,0.1700000000000017,0.9095773140717053,False,,,1.0,,Auburn,,2008-03-27,,1.0,240037.0,8288.0,,
Cesar Cielo,50,FR,SCY,M,2007.0,18.69,18.69,0.04999999999999716,0.26680896478120153,True,,,2.0,2.0,Auburn,SEC,2007-03-15,2007 NCAA DI - Men,1.0,240037.0,8288.0,,2043.0
Fred Bousquet,50,FR,SCY,M,2005.0,18.74,18.74,0.3100000000000023,1.6272965879265209,True,0.3100000000000023,1.6272965879265209,3.0,3.0,Auburn,,2005-01-01,,1.0,804367.0,8288.0,,
Anthony Ervin,50,FR,SCY,M,2002.0,19.05,19.05,0.0,0.0,True,0.0,0.0,12.0,12.0,California,,2002-01-01,,1.0,521477.0,8084.0,,
Tom Jager,50,FR,SCY,M,1990.0,19.05,19.05,,,True,,,,,UCLA,,1990-01-01,,1.0,993523.0,8084.0,,
Simone Manuel,100,FR,SCY,F,2017.0,45.56,45.56,0.5300000000000011,1.1499240616185746,False,1.0499999999999972,2.2527354644925923,2.0,,Stanford,Pac,2017-03-18,2017 NCAA DI - Women,2.0,2232752.0,8528.0,Final,6360.0
Simone Manuel,100,FR,SCY,F,2015.0,46.09,46.09,0.519999999999996,1.1156404205106114,True,,,3.0,4.0,Stanford,Pac,2015-03-21,2015 NCAA DI - Women,2.0,2232752.0,8528.0,Final,32606.0
Arianna Vanderpool-Wallace,100,FR,SCY,F,2012.0,46.61,46.61,0.20000000000000284,0.42725913266396676,False,0.39000000000000057,0.8297872340425543,1.0,,Auburn,SEC,2012-02-18,2012 SEC Champs,2.0,1241955.0,8288.0,,14004.0
Arianna Vanderpool-Wallace,100,FR,SCY,F,2011.0,46.81,46.81,0.18999999999999773,0.4042553191489313,True,,,8.0,8.0,Auburn,SEC,2011-02-16,2011 SEC Champs,2.0,1241955.0,8288.0,Final,153890.0
Natalie Coughlin,100,FR,SCY,F,2003.0,47.0,47.00,0.4200000000000017,0.8857022353437404,False,0.5600000000000023,1.1774600504625783,0.0,,California,,2003-01-01,,2.0,2255128.0,8084.0,,
Natalie Coughlin,100,FR,SCY,F,2003.0,47.42,47.42,0.14000000000000057,0.2943650126156446,True,,,1.0,1.0,California,,2003-01-01,,2.0,2255128.0,8084.0,,
Maritza Correia,100,FR,SCY,F,2002.0,47.56,47.56,0.04999999999999716,0.10501995379121436,True,0.04999999999999716,0.10501995379121436,10.0,10.0,Georgia,,2002-01-01,,2.0,948395.0,8388.0,,
Jenny Thompson,100,FR,SCY,F,1992.0,47.61,47.61,,,True,,,,,Stanford,,1992-01-01,,2.0,678243.0,8528.0,,
Caeleb Dressel,100,FR,SCY,M,2018.0,39.9,39.90,0.10000000000000142,0.25000000000000355,False,0.8599999999999994,2.1099116781157985,1.0,,Florida,SEC,2018-03-24,2018 NCAA DI - Men,2.0,1063976.0,8619.0,Final,36584.0
Caeleb Dressel,100,FR,SCY,M,2017.0,40.0,40.00,0.46000000000000085,1.1369253583786476,False,,,1.0,,Florida,SEC,2017-03-25,2017 NCAA DI - Men,2.0,1063976.0,8619.0,Final,5268.0
Caeleb Dressel,100,FR,SCY,M,2016.0,40.46,40.46,0.29999999999999716,0.7360157016682953,True,,,3.0,3.0,Florida,SEC,2016-03-26,2016 NCAA DI - Men,2.0,1063976.0,8619.0,Final,13430.0
Vladimir Morozov,100,FR,SCY,M,2013.0,40.76,40.76,0.1600000000000037,0.3910068426197549,True,0.1600000000000037,0.3910068426197549,5.0,5.0,Southern California,Pac,2013-03-28,2013 NCAA DI - Men ,2.0,3004800.0,8327.0,Final,39615.0
Vlad Morozov,100,FR,SCY,M,2013.0,40.76,40.76,0.0,0.0,True,0.0,0.0,0.0,0.0,California,,2013-03-30,,2.0,999486.0,8084.0,,
Cesar Cielo,100,FR,SCY,M,2008.0,40.92,40.92,0.19999999999999574,0.4863813229571881,False,0.5700000000000003,1.3738250180766456,0.0,,Auburn,SEC,2008-03-27,2008 NCAA DI - Men,2.0,240037.0,8288.0,Final,82515.0
Cesar Cielo,100,FR,SCY,M,2008.0,41.12,41.12,0.37000000000000455,0.8917811520848506,True,,,3.0,3.0,Auburn,,2008-03-29,,2.0,240037.0,8288.0,,
Duje Draganja,100,FR,SCY,M,2005.0,41.49,41.49,0.12999999999999545,0.31234983181161813,True,0.12999999999999545,0.31234983181161813,3.0,4.0,California,,2005-03-26,,2.0,131141.0,8084.0,,
Anthony Ervin,100,FR,SCY,M,2002.0,41.62,41.62,0.17999999999999972,0.43062200956937735,False,0.17999999999999972,0.43062200956937735,1.0,,California,,2002-01-01,,2.0,521477.0,8084.0,,
Anthony Ervin,100,FR,SCY,M,2001.0,41.8,41.80,0.0,0.0,True,,,14.0,14.0,California,,2001-01-01,,2.0,521477.0,8084.0,,
Matt Biondi,100,FR,SCY,M,1987.0,41.8,41.80,,,True,,,,,California,,1987-01-01,,2.0,139396.0,8084.0,,
Missy Franklin,200,FR,SCY,F,2015.0,99.1,1:39.10,1.210000000000008,1.2062605921642986,False,2.1099999999999994,2.0847742317952767,1.0,,California,Pac,2015-03-20,2015 NCAA DI - Women,3.0,1825052.0,8084.0,Final,32606.0
Missy Franklin,200,FR,SCY,F,2014.0,100.31,1:40.31,0.8999999999999915,0.889240193656745,True,,,2.0,2.0,California,Pac,2014-03-20,2014 NCAA DI - Women,3.0,1825052.0,8084.0,Final,10753.0
Megan Romano,200,FR,SCY,F,2012.0,101.21,1:41.21,0.3200000000000074,0.31517777996651963,True,0.3200000000000074,0.31517777996651963,3.0,3.0,Georgia,SEC,2012-03-16,2012 NCAA DI - Women,3.0,1805558.0,8388.0,Final,136842.0
Dana Vollmer,200,FR,SCY,F,2009.0,101.53,1:41.53,1.1200000000000045,1.091086215294695,True,1.1200000000000045,1.091086215294695,6.0,6.0,California,Pac,2009-02-25,2009 PAC 10 Champs women,3.0,228113.0,8084.0,,1.0
Natalie Coughlin,200,FR,SCY,F,2003.0,102.65,1:42.65,0.4299999999999926,0.41715172681411783,True,0.4299999999999926,0.41715172681411783,6.0,6.0,California,,2002-12-06,,3.0,2255128.0,8084.0,,
Martina Moravcova,200,FR,SCY,F,1997.0,103.08,1:43.08,,,True,,,,,Southern Methodist,,1997-01-01,,3.0,219045.0,23.0,,
Dean Farris,200,FR,SCY,M,2019.0,89.15,1:29.15,0.3499999999999943,0.3910614525139602,True,0.3499999999999943,0.3910614525139602,1.0,1.0,Harvard,Ivy,2019-03-27,2019 NCAA DI - Men,3.0,1550522.0,8553.0,,109353.0
Townley Haas,200,FR,SCY,M,2018.0,89.5,1:29.50,0.12999999999999545,0.14504072297221404,True,0.8700000000000045,0.9627088635609212,0.0,0.0,Texas,Big,2018-03-23,2018 NCAA DI - Men,3.0,1423815.0,8157.0,Final,36584.0
Blake Pieroni,200,FR,SCY,M,2018.0,89.63,1:29.63,0.8299999999999983,0.9175326110988264,True,0.8299999999999983,0.9175326110988264,2.0,2.0,Indiana,Big,2018-03-21,2018 NCAA DI - Men,3.0,1037078.0,8490.0,,36584.0
Townley Haas,200,FR,SCY,M,2016.0,90.46,1:30.46,0.7400000000000091,0.8114035087719398,True,,,10.0,11.0,Texas,Big,2016-03-25,2016 NCAA DI - Men,3.0,1423815.0,8157.0,Final,13430.0
Simon Burnett,200,FR,SCY,M,2006.0,91.2,1:31.20,1.019999999999996,1.106050748210796,False,1.8299999999999983,1.9671073847146063,1.0,,Arizona,,2006-03-24,,3.0,1017019.0,8654.0,,
Simon Burnett,200,FR,SCY,M,2005.0,92.22,1:32.22,0.8100000000000023,0.8706868752015503,True,,,18.0,18.0,Arizona,N,2004-12-02,2004 ST UT Invite,3.0,1017019.0,7969.0,,34953.0
Matt Biondi,200,FR,SCY,M,1987.0,93.03,1:33.03,,,True,,,,,California,,1987-01-01,,3.0,139396.0,8084.0,,
Katie Ledecky,500,FR,SCY,F,2017.0,264.06,4:24.06,1.089999999999975,0.41108806336035264,False,6.310000000000002,2.3338388134778274,0.0,,Stanford,Pac,2017-03-16,2017 NCAA DI - Women,4.0,2423430.0,8528.0,Final,6360.0
Katie Ledecky,500,FR,SCY,F,2017.0,265.15,4:25.15,1.3100000000000023,0.4916310140358787,False,,,0.0,,Stanford,Pac,2017-02-23,2017 PAC 12 Champs women,4.0,2423430.0,8528.0,Final,247.0
Katie Ledecky,500,FR,SCY,F,2017.0,266.46,4:26.46,3.910000000000025,1.4461663646114675,True,,,2.0,2.0,Stanford,Pac,2016-11-18,Ohio State Invitational,4.0,2423430.0,8528.0,Final,93341.0
Leah Smith,500,FR,SCY,F,2015.0,270.37,4:30.37,1.5299999999999727,0.5627068775284931,True,1.5299999999999727,0.5627068775284931,0.0,0.0,Virginia,ACC,2015-03-19,2015 NCAA DI - Women,4.0,724929.0,8136.0,Prelim,32606.0
Cierra Runge,500,FR,SCY,F,2015.0,271.9,4:31.90,0.6299999999999955,0.23116721094925163,True,0.6299999999999955,0.23116721094925163,1.0,1.0,California,Pac,2015-02-26,2015 PAC-12 Champs women,4.0,2712687.0,8084.0,Final,5094.0
Brittany MacLean,500,FR,SCY,F,2014.0,272.53,4:32.53,0.18000000000000682,0.0660041802647526,True,0.18000000000000682,0.0660041802647526,3.0,3.0,Georgia,SEC,2014-03-20,2014 NCAA DI - Women,4.0,2780877.0,8388.0,Final,10753.0
Allison Schmitt,500,FR,SCY,F,2011.0,272.71,4:32.71,0.8900000000000432,0.32529239766083445,True,0.8900000000000432,0.32529239766083445,3.0,3.0,Georgia,SEC,2011-03-17,2011 NCAA DI - Women,4.0,1312986.0,8388.0,Prelim,32569.0
Caroline Burckle,500,FR,SCY,F,2008.0,273.6,4:33.60,0.7899999999999636,0.287911367032313,True,0.7899999999999636,0.287911367032313,18.0,18.0,Florida,SEC,2008-03-20,2008 NCAA DI - Women,4.0,182836.0,8619.0,Final,62059.0
Janet Evans,500,FR,SCY,F,1990.0,274.39,4:34.39,,,True,,,,,Stanford,,1990-01-01,,4.0,693713.0,8528.0,,
Kieran Smith,500,FR,SCY,M,2021.0,246.32,4:06.32,0.0,0.0,False,1.8700000000000045,0.7534550143035595,1.0,,Florida,SEC,2021-02-24,2021 Men's SEC Swimming & Divi,4.0,635478.0,8619.0,Final,5030.0
Kieran Smith,500,FR,SCY,M,2020.0,246.32,4:06.32,1.8700000000000045,0.7534550143035595,True,,,1.0,1.0,Florida,SEC,2020-02-19,2020 SEC Champs,4.0,635478.0,8619.0,Final,31697.0
Townley Haas,500,FR,SCY,M,2019.0,248.19,4:08.19,0.22999999999998977,0.09258513807261484,True,0.22999999999998977,0.09258513807261484,2.0,2.0,Texas,Big,2019-03-28,2019 NCAA DI - Men,4.0,1423815.0,8157.0,Final,109353.0
Clark Smith,500,FR,SCY,M,2017.0,248.42,4:08.42,0.18000000000000682,0.07240547063556188,True,0.18000000000000682,0.07240547063556188,11.0,11.0,Texas,Big,2017-03-23,2017 NCAA DI - Men,4.0,2568853.0,8157.0,Final,5268.0
Peter Vanderkaay,500,FR,SCY,M,2006.0,248.6,4:08.60,0.15000000000000568,0.06030150753769072,True,0.15000000000000568,0.06030150753769072,11.0,11.0,Michigan,,2006-03-23,,4.0,997346.0,8265.0,,
Tom Dolan,500,FR,SCY,M,1995.0,248.75,4:08.75,,,True,,,,,Michigan,,1995-01-01,,4.0,952244.0,8265.0,,
Katie Ledecky,1000,FR,SCY,F,2017.0,546.9,9:06.90,3.590000000000032,0.652146269687012,False,13.25,2.3654378291529055,0.0,,Stanford,Pac,2017-03-15,2017 NCAA DI - Women,5.0,2423430.0,8528.0,,6360.0
Katie Ledecky,1000,FR,SCY,F,2017.0,550.49,9:10.49,9.659999999999968,1.724538070159773,True,,,1.0,1.0,Stanford,Pac,2016-11-12,Texas @ Stanford Women,5.0,2423430.0,8528.0,Final,146583.0
Leah Smith,1000,FR,SCY,F,2016.0,560.15,9:20.15,,,True,,,,0.0,Virginia,ACC,2016-02-17,2016 ACC Champs women,5.0,724929.0,8136.0,,19539.0
Clark Smith,1000,FR,SCY,M,2016.0,513.93,8:33.93,9.550000000000068,1.8243294872774638,True,9.550000000000068,1.8243294872774638,3.0,3.0,Texas,Big,2015-12-05,Texas Swimming & Diving Hall ,5.0,2568853.0,8157.0,Final,111273.0
Michael McBroom,1000,FR,SCY,M,2013.0,523.48,8:43.48,,,True,,,,,Texas,Big,2013-02-01,UT vs Arizona vs SMU,5.0,3159566.0,8157.0,Final,87084.0
Katie Ledecky,1650,FR,SCY,F,2018.0,903.31,15:03.31,0.6100000000000136,0.06748384812815444,False,21.99000000000001,2.3765265319355895,1.0,,Stanford,Pac,2017-11-18,Art Adamson Invitational Worki,6.0,2423430.0,8528.0,Final,119321.0
Katie Ledecky,1650,FR,SCY,F,2017.0,903.92,15:03.92,21.379999999999995,2.310601966929644,True,,,1.0,1.0,Stanford,Pac,2016-11-20,Ohio State Invitational,6.0,2423430.0,8528.0,Final,93341.0
Leah Smith,1650,FR,SCY,F,2016.0,925.3,15:25.30,2.5400000000000773,0.27375409553372104,True,2.5400000000000773,0.27375409553372104,2.0,2.0,Virginia,ACC,2016-02-20,2016 ACC Champs women,6.0,724929.0,8136.0,Final,19539.0
Brittany MacLean,1650,FR,SCY,F,2014.0,927.84,15:27.84,9.219999999999914,0.9839284570891846,True,9.219999999999914,0.9839284570891846,1.0,2.0,Georgia,SEC,2014-03-20,2014 NCAA DI - Women,6.0,2780877.0,8388.0,Final,10753.0
Stephanie Peacock,1650,FR,SCY,F,2013.0,937.06,15:37.06,1.7300000000000182,0.18427976437755178,False,2.080000000000041,0.2214792256745577,1.0,,UNC,ACC,2012-11-30,Ohio State Invitational,6.0,770355.0,8334.0,Final,3806.0
Stephanie Peacock,1650,FR,SCY,F,2012.0,938.79,15:38.79,0.35000000000002274,0.037268138935624376,True,,,22.0,22.0,UNC,ACC,2012-03-15,2012 NCAA DI - Women,6.0,770355.0,8334.0,Final,136842.0
Janet Evans,1650,FR,SCY,F,1990.0,939.14,15:39.14,,,True,,,,,Stanford,,1990-01-01,,6.0,693713.0,8528.0,,
Bobby Finke,1650,FR,SCY,M,2020.0,852.08,14:12.08,10.329999999999927,1.1978061478878872,True,10.329999999999927,1.1978061478878872,3.0,3.0,Florida,SEC,2020-02-22,2020 SEC Champs,6.0,844814.0,8619.0,Final,31697.0
Clark Smith,1650,FR,SCY,M,2017.0,862.41,14:22.41,1.6700000000000728,0.19326914174614301,True,1.6700000000000728,0.19326914174614301,5.0,5.0,Texas,Big,2017-03-25,2017 NCAA DI - Men,6.0,2568853.0,8157.0,Final,5268.0
Martin Grodzki,1650,FR,SCY,M,2012.0,864.08,14:24.08,2.5399999999999636,0.29309270499180307,True,2.5399999999999636,0.29309270499180307,11.0,11.0,Georgia,SEC,2012-03-22,2012 NCAA DI - Men,6.0,2545268.0,8388.0,Final,36573.0
Chris Thompson,1650,FR,SCY,M,2001.0,866.62,14:26.62,,,True,,,,,Michigan,,2001-01-01,,6.0,900722.0,8265.0,,
Gretchen Walsh,100,BK,SCY,F,2023.0,48.26,48.26,0.480000000000004,0.9848173984407139,True,0.480000000000004,0.9848173984407139,1.0,1.0,Virginia,ACC,2023-03-17,2023 NCAA Division I Women's Championship,7.0,1627256.0,8136.0,Final,164414.0
Katharine Berkoff,100,BK,SCY,F,2022.0,48.74,48.74,0.4399999999999977,0.8946726311508698,True,0.4399999999999977,0.8946726311508698,3.0,3.0,NC State,ACC,2022-03-18,2022 NCAA DI Women's Swimming,7.0,2321416.0,8581.0,Final,97290.0
Beata Nelson,100,BK,SCY,F,2019.0,49.18,49.18,0.490000000000002,0.9865109724179625,False,0.509999999999998,1.0263634534111452,0.0,,Wisconsin,Big,2019-03-22,2019 NCAA DI - Women,7.0,332779.0,8258.0,Final,100459.0
Beata Nelson,100,BK,SCY,F,2019.0,49.67,49.67,0.01999999999999602,0.040249547192586076,True,,,2.0,2.0,Wisconsin,Big,2018-11-30,Texas Hall of Fame Swimming In,7.0,332779.0,8258.0,Final,152489.0
Ally Howe,100,BK,SCY,F,2017.0,49.69,49.69,0.28000000000000114,0.5603362017210349,True,0.28000000000000114,0.5603362017210349,15.0,16.0,Stanford,,2017-02-23,,7.0,995123.0,8528.0,,
Natalie Coughlin,100,BK,SCY,F,2002.0,49.97,49.97,0.6000000000000014,1.1864741941862793,False,2.3900000000000006,4.56455309396486,0.0,,California,,2002-01-01,,7.0,2255128.0,8084.0,,
Natalie Coughlin,100,BK,SCY,F,2002.0,50.57,50.57,0.6599999999999966,1.288307632246724,False,,,1.0,,California,N,2002-02-26,Unknown Record Meet 1074,7.0,2255128.0,7969.0,,157488.0
Natalie Coughlin,100,BK,SCY,F,2001.0,51.23,51.23,0.4299999999999997,0.8323654665118075,False,,,0.0,,California,N,2001-01-01,Unknown Record Meet 1074,7.0,2255128.0,7969.0,,157488.0
Natalie Coughlin,100,BK,SCY,F,2001.0,51.66,51.66,0.7000000000000028,1.3368983957219307,True,,,2.0,2.0,California,N,2001-01-01,Unknown Record Meet 1074,7.0,2255128.0,7969.0,,157488.0
Marylyn Chiang,100,BK,SCY,F,1999.0,52.36,52.36,,,True,,,,,California,,1999-01-01,,7.0,752006.0,8084.0,,
Luca Urlando,100,BK,SCY,M,2022.0,43.35,43.35,0.14000000000000057,0.32191308346746506,True,0.14000000000000057,0.32191308346746506,6.0,7.0,Georgia,SEC,2022-03-25,2022 NCAA Division I Men's Swimming Championships,7.0,1434831.0,8388.0,,122880.0
Ryan Murphy,100,BK,SCY,M,2016.0,43.49,43.49,0.6799999999999997,1.5395064523432187,False,1.1099999999999994,2.48878923766816,1.0,,California,Pac,2016-03-25,2016 NCAA DI - Men,7.0,2097441.0,8084.0,Final,13430.0
Ryan Murphy,100,BK,SCY,M,2015.0,44.17,44.17,0.4299999999999997,0.9641255605381159,True,,,9.0,9.0,California,Pac,2015-03-26,2015 NCAA DI - Men,7.0,2097441.0,8084.0,,20679.0
Ryan Lochte,100,BK,SCY,M,2006.0,44.6,44.60,0.3200000000000003,0.7123775601068573,True,0.3200000000000003,0.7123775601068573,9.0,9.0,Florida,,2006-03-23,,7.0,350439.0,8619.0,,
Neil Walker,100,BK,SCY,M,1997.0,44.92,44.92,0.509999999999998,1.1226062073519658,True,0.509999999999998,1.1226062073519658,2.0,2.0,Texas,,1997-01-01,,7.0,734346.0,8157.0,,
Brian Retterer,100,BK,SCY,M,1995.0,45.43,45.43,,,True,,,,,Stanford,,1995-01-01,,7.0,734680.0,8528.0,,
Beata Nelson,200,BK,SCY,F,2019.0,107.24,1:47.24,0.060000000000002274,0.05591798695247183,True,0.060000000000002274,0.05591798695247183,1.0,1.0,Wisconsin,Big,2019-03-23,2019 NCAA DI - Women,8.0,332779.0,8258.0,Final,100459.0
Kathleen Baker,200,BK,SCY,F,2018.0,107.3,1:47.30,0.5400000000000063,0.500741839762617,True,0.5400000000000063,0.500741839762617,5.0,5.0,California,Pac,2018-03-17,2018 NCAA DI - Women,8.0,546418.0,8084.0,Final,62067.0
Elizabeth Pelton,200,BK,SCY,F,2013.0,107.84,1:47.84,0.5,0.46151006091932806,True,0.5,0.46151006091932806,4.0,4.0,California,Pac,2013-03-21,2013 NCAA DI - Women,8.0,2894511.0,8084.0,Final,18555.0
Gemma Spofforth,200,BK,SCY,F,2009.0,108.34,1:48.34,1.1799999999999926,1.0774287801314761,True,1.1799999999999926,1.0774287801314761,7.0,8.0,Florida,SEC,2009-02-18,2009 SEC Championships,8.0,2675794.0,8619.0,Final,32942.0
Natalie Coughlin,200,BK,SCY,F,2002.0,109.52,1:49.52,1.3800000000000097,1.2443642921551032,False,3.460000000000008,3.062488936094891,1.0,,California,,2002-01-01,,8.0,2255128.0,8084.0,,
Natalie Coughlin,200,BK,SCY,F,2001.0,110.9,1:50.90,0.11999999999999034,0.10808863267878792,False,,,0.0,,California,,2001-01-01,,8.0,2255128.0,8084.0,,
Natalie Coughlin,200,BK,SCY,F,2001.0,111.02,1:51.02,1.710000000000008,1.5168987847068285,False,,,0.0,,California,,2001-01-01,,8.0,2255128.0,8084.0,,
Natalie Coughlin,200,BK,SCY,F,2001.0,112.73,1:52.73,0.25,0.22127810231899453,True,,,9.0,9.0,California,,2001-01-01,,8.0,2255128.0,8084.0,,
Whitney Hedgepeth,200,BK,SCY,F,1992.0,112.98,1:52.98,,,True,,,,,Florida,,1992-01-01,,8.0,895688.0,8084.0,,
Ryan Murphy,200,BK,SCY,M,2016.0,95.73,1:35.73,1.039999999999992,1.0747132375736201,False,1.8499999999999943,1.895880303340843,1.0,,California,Pac,2016-03-26,2016 NCAA DI - Men,8.0,2097441.0,8084.0,Final,13430.0
Ryan Murphy,200,BK,SCY,M,2015.0,96.77,1:36.77,0.5799999999999983,0.5957883923985602,False,,,1.0,,California,Pac,2015-03-28,2015 NCAA DI - Men,8.0,2097441.0,8084.0,Final,20679.0
Ryan Murphy,200,BK,SCY,M,2014.0,97.35,1:37.35,0.23000000000000398,0.23570403771265008,True,,,5.0,5.0,California,Pac,2014-03-27,2014 NCAA DI - Men,8.0,2097441.0,8084.0,Final,68879.0
Tyler Clary,200,BK,SCY,M,2009.0,97.58,1:37.58,0.10000000000000853,0.10237510237511109,True,0.10000000000000853,0.10237510237511109,3.0,4.0,Michigan,Big,2009-03-26,2009 NCAA DI - Men,8.0,2382090.0,8265.0,Final,10728.0
Ryan Lochte,200,BK,SCY,M,2006.0,97.68,1:37.68,0.6099999999999994,0.6206124732933151,False,1.4799999999999898,1.4925373134328255,1.0,,Florida,,2006-03-25,,8.0,350439.0,8619.0,,
Ryan Lochte,200,BK,SCY,M,2005.0,98.29,1:38.29,0.8699999999999903,0.8773699072206438,True,,,2.0,2.0,Florida,,2005-01-01,,8.0,350439.0,8619.0,,
Aaron Peirsol,200,BK,SCY,M,2003.0,99.16,1:39.16,0.9000000000000057,0.8994603238057222,True,0.9000000000000057,0.8994603238057222,8.0,8.0,Texas,,2003-01-01,,8.0,864141.0,8619.0,,
Brian Retterer,200,BK,SCY,M,1995.0,100.06,1:40.06,,,True,,,,,Stanford,,1995-01-01,,8.0,734680.0,8528.0,,
Lilly King,100,BR,SCY,F,2019.0,55.73,55.73,0.15000000000000568,0.26843235504653845,False,1.5,2.621002970470033,0.0,,Indiana,Big,2019-03-22,2019 NCAA DI - Women,9.0,1847879.0,8490.0,Final,100459.0
Lilly King,100,BR,SCY,F,2019.0,55.88,55.88,0.36999999999999744,0.6577777777777732,False,,,1.0,,Indiana,Big,2019-02-22,2019 B1G 10 Champs women,9.0,1847879.0,8490.0,Final,145137.0
Lilly King,100,BR,SCY,F,2018.0,56.25,56.25,0.04999999999999716,0.08880994671402692,False,,,1.0,,Indiana,Big,2018-03-16,2018 NCAA DI - Women,9.0,1847879.0,8490.0,Final,62067.0
Lilly King,100,BR,SCY,F,2017.0,56.3,56.30,0.5500000000000043,0.9674582233949063,False,,,1.0,,Indiana,Big,2017-02-17,2017 B1G 10 Champs women,9.0,1847879.0,8490.0,Final,147454.0
Lilly King,100,BR,SCY,F,2016.0,56.85,56.85,0.37999999999999545,0.6639874191857339,True,,,2.0,4.0,Indiana,Big,2016-03-18,2016 NCAA DI - Women,9.0,1847879.0,8490.0,Final,39306.0
Breeja Larson,100,BR,SCY,F,2014.0,57.23,57.23,0.05000000000000426,0.08729050279330353,False,0.8300000000000054,1.4295556321047285,0.0,,Texas A&M,SEC,2014-03-20,2014 NCAA DI - Women,9.0,120042.0,8597.0,Final,10753.0
Breeja Larson,100,BR,SCY,F,2014.0,57.28,57.28,0.14999999999999858,0.26118753264843914,False,,,1.0,,Texas A&M,SEC,2014-02-18,2014 SEC Champs,9.0,120042.0,8597.0,Final,44360.0
Breeja Larson,100,BR,SCY,F,2013.0,57.43,57.43,0.10000000000000142,0.1738223535546696,False,,,0.0,,Texas A&M,SEC,2013-02-19,2013 SEC Champs,9.0,120042.0,8597.0,Final,26915.0
Breeja Larson,100,BR,SCY,F,2013.0,57.53,57.53,0.17999999999999972,0.31190434933287076,False,,,1.0,,Texas A&M,SEC,2012-11-15,2012 UH Phill Hansel Inv,9.0,120042.0,8597.0,Final,22796.0
Breeja Larson,100,BR,SCY,F,2012.0,57.71,57.71,0.21000000000000085,0.3625690607734821,False,,,0.0,,Texas A&M,SEC,2012-03-15,2012 NCAA DI - Women,9.0,120042.0,8597.0,Final,136842.0
Breeja Larson,100,BR,SCY,F,2012.0,57.92,57.92,0.14000000000000057,0.24112986565621866,True,,,2.0,2.0,Texas A&M,,2012-02-24,,9.0,120042.0,8157.0,,
Annie Chandler,100,BR,SCY,F,2010.0,58.06,58.06,0.03999999999999915,0.06884681583476618,True,0.03999999999999915,0.06884681583476618,1.0,1.0,Arizona,,2010-01-01,,9.0,784432.0,8654.0,,
Rebecca Soni,100,BR,SCY,F,2009.0,58.1,58.10,0.30999999999999517,0.5307310392056073,True,0.30999999999999517,0.5307310392056073,6.0,7.0,California,,2009-02-27,,9.0,1026409.0,8084.0,,
Tara Kirk,100,BR,SCY,F,2003.0,58.41,58.41,0.2700000000000031,0.4601226993865084,False,0.6400000000000006,1.0838272650296368,1.0,,Stanford,,2003-01-01,,9.0,766842.0,8528.0,,
Tara Kirk,100,BR,SCY,F,2002.0,58.68,58.68,0.36999999999999744,0.6265876375952539,True,,,4.0,4.0,Stanford,,2002-01-01,,9.0,766842.0,8528.0,,
Kristy Kowal,100,BR,SCY,F,1998.0,59.05,59.05,,,True,,,,,Georgia,,1998-01-01,,9.0,847465.0,8654.0,,
Ian Finnerty,100,BR,SCY,M,2018.0,49.69,49.69,0.3400000000000034,0.6795922446532149,True,0.3400000000000034,0.6795922446532149,0.0,0.0,Indiana,Big,2018-03-23,2018 NCAA DI - Men,9.0,2872840.0,8490.0,Final,36584.0
Caeleb Dressel,100,BR,SCY,M,2018.0,50.03,50.03,0.00999999999999801,0.019984012789764208,True,0.00999999999999801,0.019984012789764208,4.0,5.0,Florida,SEC,2018-02-17,2018 SEC Champs,9.0,1063976.0,8619.0,Final,135562.0
Kevin Cordes,100,BR,SCY,M,2014.0,50.04,50.04,0.509999999999998,1.0089020771513313,False,0.8200000000000003,1.6122689736531661,0.0,,Arizona,Pac,2014-03-27,2014 NCAA DI - Men,9.0,593778.0,8654.0,Final,68879.0
Kevin Cordes,100,BR,SCY,M,2014.0,50.55,50.55,0.15000000000000568,0.29585798816569164,False,,,0.0,,Arizona,,2014-03-28,,9.0,593778.0,8654.0,,
Kevin Cordes,100,BR,SCY,M,2014.0,50.7,50.70,0.03999999999999915,0.07883326763894195,False,,,1.0,,Arizona,Pac,2013-12-05,2013 UT Invite,9.0,593778.0,8654.0,Final,72586.0
Kevin Cordes,100,BR,SCY,M,2013.0,50.74,50.74,0.11999999999999744,0.23594180102240944,True,,,4.0,4.0,Arizona,Pac,2013-03-28,2013 NCAA DI - Men ,9.0,593778.0,8654.0,Final,39615.0
Damir Dugonjic,100,BR,SCY,M,2009.0,50.86,50.86,0.5499999999999972,1.0698307722232974,False,0.7000000000000028,1.3576415826221933,0.0,,California,Pac,2009-03-26,2009 NCAA DI - Men,9.0,2577728.0,8084.0,Final,10728.0
Damir Dugonjic,100,BR,SCY,M,2009.0,51.41,51.41,0.15000000000000568,0.29092319627619406,True,,,2.0,2.0,California,,2009-03-06,,9.0,2577728.0,8084.0,,
Mike Alexandrov,100,BR,SCY,M,2007.0,51.56,51.56,0.29999999999999716,0.5784805244890034,True,0.29999999999999716,0.5784805244890034,10.0,10.0,Northwestern,,2007-03-16,,9.0,564690.0,27.0,,
Jeremy Linn,100,BR,SCY,M,1997.0,51.86,51.86,,,True,,,,,Tennessee,,1997-01-01,,9.0,794021.0,8377.0,,
Kate Douglass,200,BR,SCY,F,2023.0,121.29,2:01.29,0.14000000000000057,0.11529276126163268,False,1.309999999999988,1.0685154975530082,0.0,,Virginia,ACC,2023-03-18,2023 NCAA Division I Women's Championship,10.0,2382382.0,8136.0,Final,164414.0
Kate Douglass,200,BR,SCY,F,2023.0,121.43,2:01.43,0.4399999999999977,0.36104045294165726,False,,,0.0,,Virginia,ACC,2023-02-04,Cavalier Invite,10.0,2382382.0,8136.0,Final,159195.0
Kate Douglass,200,BR,SCY,F,2023.0,121.87,2:01.87,0.3199999999999932,0.261887224813809,False,,,1.0,,Virginia,ACC,2022-11-19,Tennessee Invitational,10.0,2382382.0,8136.0,Final,162704.0
Kate Douglass,200,BR,SCY,F,2022.0,122.19,2:02.19,0.4099999999999966,0.3344208809135372,True,,,4.0,6.0,Virginia,ACC,2022-03-19,2022 NCAA DI Women's Swimming,10.0,2382382.0,8136.0,Final,97290.0
Lilly King,200,BR,SCY,F,2018.0,122.6,2:02.60,0.5800000000000125,0.47085565838611176,False,1.460000000000008,1.1768499113332322,1.0,,Indiana,Big,2018-03-17,2018 NCAA DI - Women,10.0,1847879.0,8490.0,Final,62067.0
Lilly King,200,BR,SCY,F,2017.0,123.18,2:03.18,0.4099999999999966,0.33174205032769366,False,,,1.0,,Indiana,Big,2017-03-18,2017 NCAA DI - Women,10.0,1847879.0,8490.0,Final,6360.0
Lilly King,200,BR,SCY,F,2016.0,123.59,2:03.59,0.46999999999999886,0.3788489440593252,True,,,2.0,2.0,Indiana,Big,2016-03-19,2016 NCAA DI - Women,10.0,1847879.0,8490.0,Final,39306.0
Emma Reaney,200,BR,SCY,F,2014.0,124.06,2:04.06,0.28000000000000114,0.22518899790896024,False,0.4200000000000017,0.33740359897172373,0.0,,Notre Dame,ACC,2014-03-20,2014 NCAA DI - Women,10.0,2797408.0,8169.0,Final,10753.0
Emma Reaney,200,BR,SCY,F,2014.0,124.34,2:04.34,0.14000000000000057,0.11246786632390791,True,,,1.0,1.0,Notre Dame,ACC,2014-02-19,2014 ACC Champs women ,10.0,2797408.0,8169.0,Final,5732.0
Breeja Larson,200,BR,SCY,F,2013.0,124.48,2:04.48,0.269999999999996,0.21643286573145973,True,0.269999999999996,0.21643286573145973,4.0,5.0,Texas A&M,SEC,2012-11-15,2012 UH Phill Hansel Inv,10.0,120042.0,8597.0,Prelim,22796.0
Rebecca Soni,200,BR,SCY,F,2009.0,124.75,2:04.75,1.3599999999999994,1.0784235984458008,False,2.6099999999999994,2.0493090452261304,1.0,,Southern California,Pac,2009-02-25,2009 PAC 10 Champs women,10.0,1026409.0,8327.0,Final,1.0
Rebecca Soni,200,BR,SCY,F,2008.0,126.11,2:06.11,1.25,0.9814698492462313,True,,,6.0,6.0,California,,2008-03-01,,10.0,1026409.0,8084.0,,
Tara Kirk,200,BR,SCY,F,2002.0,127.36,2:07.36,0.29999999999999716,0.23499921666927553,True,0.29999999999999716,0.23499921666927553,3.0,3.0,Stanford,,2002-01-01,,10.0,766842.0,8528.0,,
Kristina Kowal,200,BR,SCY,F,1999.0,127.66,2:07.66,,,True,,,,,Georgia,,1999-01-01,,10.0,980630.0,8388.0,,
Leon Marchand,200,BR,SCY,M,2023.0,106.91,1:46.91,0.7600000000000051,0.7058604996749375,False,1.0,0.9266981744045965,0.0,,Arizona State,Pac,2023-03-25,2023 NCAA Division I Men's Championships,10.0,3858425.0,8311.0,Final,164416.0
Leon Marchand,200,BR,SCY,M,2023.0,107.67,1:47.67,0.23999999999999488,0.22240756185709842,True,,,6.0,7.0,Arizona State,Pac,2023-03-04,2023 Men's Pac 12 Championships,10.0,3858425.0,8311.0,Final,165390.0
Will Licon,200,BR,SCY,M,2017.0,107.91,1:47.91,0.21000000000000796,0.19422863485017383,False,0.75,0.6902263942573164,1.0,,Texas,Big,2017-03-25,2017 NCAA DI - Men,10.0,1630139.0,8157.0,Final,5268.0
Will Licon,200,BR,SCY,M,2016.0,108.12,1:48.12,0.539999999999992,0.4969630038652605,True,,,2.0,3.0,Texas,Big,2016-03-26,2016 NCAA DI - Men,10.0,1630139.0,8157.0,Final,13430.0
Kevin Cordes,200,BR,SCY,M,2014.0,108.66,1:48.66,0.020000000000010232,0.018402649981606765,False,2.740000000000009,2.45960502692999,1.0,,Arizona,Pac,2014-03-27,2014 NCAA DI - Men,10.0,593778.0,8654.0,Final,68879.0
Kevin Cordes,200,BR,SCY,M,2013.0,108.68,1:48.68,2.049999999999997,1.8513501309491531,False,,,0.0,,Arizona,Pac,2013-03-28,2013 NCAA DI - Men ,10.0,593778.0,8654.0,Final,39615.0
Kevin Cordes,200,BR,SCY,M,2013.0,110.73,1:50.73,0.6700000000000017,0.6014362657091576,True,,,4.0,4.0,Arizona,Pac,2012-11-29,2012 Winter Nationals,10.0,593778.0,8654.0,Final,66165.0
Neil Versfeld,200,BR,SCY,M,2009.0,111.4,1:51.40,0.5599999999999881,0.5001786352268561,True,0.5599999999999881,0.5001786352268561,0.0,0.0,Georgia,,2009-03-28,,10.0,437295.0,8388.0,,
Sean Mahoney,200,BR,SCY,M,2009.0,111.96,1:51.96,0.6600000000000108,0.5860415556739573,True,0.6600000000000108,0.5860415556739573,6.0,8.0,California,,2009-03-28,,10.0,411418.0,8084.0,,
Brendan Hansen,200,BR,SCY,M,2003.0,112.62,1:52.62,0.2599999999999909,0.23033309709425137,False,0.4899999999999949,0.43320661303155766,1.0,,Texas,,2003-01-01,,10.0,318839.0,8157.0,,
Brendan Hansen,200,BR,SCY,M,2002.0,112.88,1:52.88,0.23000000000000398,0.203341879586247,False,,,1.0,,Texas,,2002-01-01,,10.0,318839.0,8157.0,,
Brendan Hansen,200,BR,SCY,M,2001.0,113.11,1:53.11,,,True,,,,,Texas,,2001-01-01,,10.0,318839.0,8157.0,,
Kate Douglass,100,FL,SCY,F,2023.0,48.46,48.46,0.38000000000000256,0.7780507780507833,False,0.4299999999999997,0.8795254653303328,0.0,,Virginia,ACC,2023-03-17,2023 NCAA Division I Women's Championship,11.0,2382382.0,8136.0,Final,164414.0
Kate Douglass,100,FL,SCY,F,2023.0,48.84,48.84,0.04999999999999716,0.1022704029453818,True,,,2.0,3.0,Virginia,ACC,2023-02-16,2023 ACC Championships,11.0,2382382.0,8136.0,Final,164821.0
Maggie MacNeil,100,FL,SCY,F,2021.0,48.89,48.89,0.36999999999999744,0.7511165245635353,False,0.36999999999999744,0.7511165245635353,1.0,,Michigan,Big,2021-03-19,2021 NCAA DI Women's Swimming,11.0,1910765.0,8265.0,Final,44256.0
Maggie MacNeil,100,FL,SCY,F,2020.0,49.26,49.26,0.0,0.0,True,,,1.0,1.0,Michigan,Big,2019-12-06,Minnesota Invite 2019,11.0,1910765.0,8265.0,Final,80055.0
Louise Hansson,100,FL,SCY,F,2019.0,49.26,49.26,0.0800000000000054,0.16214025131740048,False,0.1700000000000017,0.343920695933647,0.0,,Southern California,Pac,2019-03-22,2019 NCAA DI - Women,11.0,652170.0,8327.0,Final,100459.0
Louise Hansson,100,FL,SCY,F,2019.0,49.34,49.34,0.0899999999999963,0.18207566255309793,True,,,3.0,3.0,Southern California,Pac,2019-03-01,2019 PAC 12 Champs women,11.0,652170.0,8327.0,Final,41209.0
Kelsi Worrell,100,FL,SCY,F,2016.0,49.43,49.43,0.5799999999999983,1.1597680463907185,True,0.5799999999999983,1.1597680463907185,14.0,15.0,Louisville,,2016-03-18,,11.0,665291.0,26.0,,
Natalie Coughlin,100,FL,SCY,F,2002.0,50.01,50.01,1.1700000000000017,2.2860492379835904,False,1.3300000000000054,2.590572652902231,1.0,,California,,2002-01-01,,11.0,2255128.0,8084.0,,
Natalie Coughlin,100,FL,SCY,F,2001.0,51.18,51.18,0.1600000000000037,0.31164783794313144,True,,,3.0,3.0,California,,2001-01-01,,11.0,2255128.0,8084.0,,
Misty Hyman,100,FL,SCY,F,1998.0,51.34,51.34,,,True,,,,,Stanford,,1998-01-01,,11.0,438870.0,8084.0,,
Caeleb Dressel,100,FL,SCY,M,2018.0,42.8,42.80,0.7800000000000011,1.7898118402937153,False,1.2100000000000009,2.749375142013181,1.0,,Florida,SEC,2018-03-23,2018 NCAA DI - Men,11.0,1063976.0,8619.0,Final,36584.0
Caeleb Dressel,100,FL,SCY,M,2017.0,43.58,43.58,0.4299999999999997,0.9770506703022035,True,,,1.0,1.0,Florida,SEC,2017-03-24,2017 NCAA DI - Men,11.0,1063976.0,8619.0,Final,5268.0
Joe Schooling,100,FL,SCY,M,2016.0,44.01,44.01,0.1700000000000017,0.3847894975101895,True,0.1700000000000017,0.3847894975101895,7.0,7.0,Texas,Big,2016-03-25,2016 NCAA DI - Men,11.0,3137145.0,8157.0,Final,13430.0
Austin Staab,100,FL,SCY,M,2009.0,44.18,44.18,0.39000000000000057,0.8750280457706991,True,0.39000000000000057,0.8750280457706991,2.0,2.0,Stanford,Pac,2009-03-27,2009 NCAA DI - Men,11.0,1329191.0,8528.0,Final,10728.0
Albert Subirats,100,FL,SCY,M,2007.0,44.57,44.57,0.14999999999999858,0.33542039355992526,True,0.14999999999999858,0.33542039355992526,3.0,5.0,Arizona,,2007-03-16,,11.0,642257.0,8654.0,,
Ian Crocker,100,FL,SCY,M,2004.0,44.72,44.72,0.7199999999999989,1.5845070422535186,False,0.8700000000000045,1.908313226584787,2.0,,Texas,,2004-01-01,,11.0,356484.0,8157.0,,
Ian Crocker,100,FL,SCY,M,2002.0,45.44,45.44,0.15000000000000568,0.32901952182497407,True,,,4.0,4.0,Texas,,2002-01-01,,11.0,356484.0,8157.0,,
Lars Frolander,100,FL,SCY,M,1998.0,45.59,45.59,,,True,,,,,Southern Methodist,,1998-01-01,,11.0,318146.0,23.0,,
Ella Eastin,200,FL,SCY,F,2018.0,109.51,1:49.51,0.4099999999999966,0.3729985443959212,True,0.4099999999999966,0.3729985443959212,9.0,9.0,Stanford,Pac,2018-02-24,2018 PAC 12 Champs women,12.0,2773439.0,8528.0,Final,14989.0
Elaine Breeden,200,FL,SCY,F,2009.0,109.92,1:49.92,1.9899999999999949,1.778214636761679,True,1.9899999999999949,1.778214636761679,6.0,6.0,Stanford,Pac,2009-02-25,2009 PAC 10 Champs women,12.0,373422.0,8528.0,Final,1.0
Natalie Coughlin,200,FL,SCY,F,2003.0,111.91,1:51.91,1.4500000000000028,1.2791107974594238,True,1.4500000000000028,1.2791107974594238,4.0,4.0,California,,2002-12-07,,12.0,2255128.0,8084.0,,
Limin Liu,200,FL,SCY,F,1999.0,113.36,1:53.36,,,True,,,,,Nevada,,1999-01-01,,12.0,197439.0,25.0,,
Jack Conger,200,FL,SCY,M,2017.0,97.35,1:37.35,0.6200000000000045,0.6328467898336272,True,0.6200000000000045,0.6328467898336272,1.0,1.0,Texas,Big,2017-03-25,2017 NCAA DI - Men,12.0,2368505.0,8157.0,Final,5268.0
Joe Schooling,200,FL,SCY,M,2016.0,97.97,1:37.97,1.3599999999999994,1.3691734621967175,True,1.3599999999999994,1.3691734621967175,2.0,2.0,Texas,Big,2016-03-26,2016 NCAA DI - Men,12.0,3137145.0,8157.0,Final,13430.0
Dylan Bosch,200,FL,SCY,M,2014.0,99.33,1:39.33,0.3200000000000074,0.32112393376819603,True,0.3200000000000074,0.32112393376819603,1.0,3.0,Michigan,Big,2014-03-27,2014 NCAA DI - Men,12.0,719012.0,8265.0,Final,68879.0
Tom Shields,200,FL,SCY,M,2013.0,99.65,1:39.65,0.6599999999999966,0.6579603229987006,False,1.0999999999999943,1.0918114143920539,2.0,,California,Pac,2013-03-28,2013 NCAA DI - Men ,12.0,850648.0,8084.0,Final,39615.0
Tom Shields,200,FL,SCY,M,2011.0,100.31,1:40.31,0.4399999999999977,0.43672456575682156,True,,,2.0,2.0,California,Pac,2011-03-02,2011 PAC 10 Champs men,12.0,850648.0,8084.0,Final,73907.0
Shaune Fraser,200,FL,SCY,M,2009.0,100.75,1:40.75,0.4200000000000017,0.41514282890185006,False,0.5799999999999983,0.5723872495805766,0.0,,Florida,SEC,2009-03-26,2009 NCAA DI - Men,12.0,2699685.0,8619.0,Final,10728.0
Shaune Fraser,200,FL,SCY,M,2009.0,101.17,1:41.17,0.1599999999999966,0.15789993091877688,True,,,1.0,1.0,Florida,,2009-03-28,,12.0,2699685.0,8619.0,,
Gil Stovall,200,FL,SCY,M,2008.0,101.33,1:41.33,0.45000000000000284,0.4421300844959745,True,0.45000000000000284,0.4421300844959745,17.0,17.0,Georgia,,2008-01-01,,12.0,896136.0,8619.0,,
Melvin Stewart,200,FL,SCY,M,1991.0,101.78,1:41.78,,,True,,,,,Tennessee,,1991-01-01,,12.0,797114.0,8377.0,,
Kate Douglass,200,IM,SCY,F,2023.0,108.37,1:48.37,1.7099999999999937,1.553415697674413,True,1.7099999999999937,1.553415697674413,1.0,1.0,Virginia,ACC,2023-03-16,2023 NCAA Division I Women's Championship,13.0,2382382.0,8136.0,Final,164414.0
Alex Walsh,200,IM,SCY,F,2022.0,110.08,1:50.08,0.5900000000000034,0.5331164723954128,True,0.5900000000000034,0.5331164723954128,4.0,6.0,Virginia,ACC,2022-03-17,2022 NCAA DI Women's Swimming,13.0,2039062.0,8136.0,Final,97290.0
Ella Eastin,200,IM,SCY,F,2018.0,110.67,1:50.67,0.980000000000004,0.8777429467084674,False,1.0999999999999943,0.9841639080254042,2.0,,Stanford,Pac,2018-03-15,2018 NCAA DI - Women,13.0,2773439.0,8528.0,Final,62067.0
Ella Eastin,200,IM,SCY,F,2016.0,111.65,1:51.65,0.11999999999999034,0.10736333542094512,True,,,4.0,4.0,Stanford,Pac,2016-03-17,2016 NCAA DI - Women,13.0,2773439.0,8528.0,Final,39306.0
Caitlin Leverenz,200,IM,SCY,F,2012.0,111.77,1:51.77,0.5400000000000063,0.4808120381088115,True,0.5400000000000063,0.4808120381088115,2.0,3.0,California,Pac,2012-03-15,2012 NCAA DI - Women,13.0,151046.0,8084.0,Final,136842.0
Julia Smit,200,IM,SCY,F,2010.0,112.31,1:52.31,0.480000000000004,0.4255696426988243,False,1.5999999999999943,1.4046176806250499,1.0,,Stanford,Pac,2010-02-24,2010 PAC 10 Champs women,13.0,532866.0,8528.0,Final,2044.0
Julia Smit,200,IM,SCY,F,2009.0,112.79,1:52.79,1.1199999999999903,0.9832323764375299,True,,,7.0,9.0,Stanford,Pac,2009-03-19,2009 NCAA DI - Women,13.0,532866.0,8528.0,Final,13365.0
Maggie Bowen,200,IM,SCY,F,2002.0,113.91,1:53.91,1.5799999999999983,1.3680838167806721,False,1.5799999999999983,1.3680838167806721,2.0,,Auburn,,2002-01-01,,13.0,473743.0,8288.0,,
Maggie Bowen,200,IM,SCY,F,2000.0,115.49,1:55.49,,,True,,,,,Auburn,,2000-01-01,,13.0,473743.0,8288.0,,
Leon Marchand,200,IM,SCY,M,2023.0,96.34,1:36.34,1.3499999999999943,1.381922407615922,False,1.789999999999992,1.8241108733312872,1.0,,Arizona State,Pac,2023-03-23,2023 NCAA Division I Men's Championships,13.0,3858425.0,8311.0,Final,164416.0
Leon Marchand,200,IM,SCY,M,2022.0,97.69,1:37.69,0.4399999999999977,0.44838479567919876,True,,,4.0,4.0,Arizona State,Pac,2022-03-24,2022 NCAA Division I Men's Swimming Championships,13.0,3858425.0,8311.0,Final,122880.0
Caeleb Dressel,200,IM,SCY,M,2018.0,98.13,1:38.13,1.25,1.2577983497685652,True,1.25,1.2577983497685652,3.0,3.0,Florida,SEC,2018-02-15,2018 SEC Champs,13.0,1063976.0,8619.0,Final,135562.0
David Nolan,200,IM,SCY,M,2015.0,99.38,1:39.38,0.6899999999999977,0.6895173378634933,False,1.1099999999999994,1.1045875211463823,0.0,,Stanford,Pac,2015-03-26,2015 NCAA DI - Men,13.0,2728041.0,8528.0,Final,20679.0
David Nolan,200,IM,SCY,M,2015.0,100.07,1:40.07,0.4200000000000017,0.41795203502836276,True,,,6.0,6.0,Stanford,Pac,2015-03-05,2015 PAC 12 Champs men,13.0,2728041.0,8528.0,Final,89345.0
Bradley Ally,200,IM,SCY,M,2009.0,100.49,1:40.49,0.060000000000002274,0.05967180507210569,True,0.060000000000002274,0.05967180507210569,3.0,4.0,Florida,SEC,2009-03-26,2009 NCAA DI - Men,13.0,1181574.0,8619.0,Final,10728.0
Ryan Lochte,200,IM,SCY,M,2006.0,100.55,1:40.55,1.1599999999999966,1.1404974928718874,False,2.1099999999999994,2.0553282680693545,1.0,,Florida,,2006-03-23,,13.0,350439.0,8619.0,,
Ryan Lochte,200,IM,SCY,M,2005.0,101.71,1:41.71,0.05000000000001137,0.04913522012579733,False,,,0.0,,Florida,,2005-01-01,,13.0,350439.0,8619.0,,
Ryan Lochte,200,IM,SCY,M,2005.0,101.76,1:41.76,0.8999999999999915,0.8766803039158303,True,,,2.0,2.0,Florida,,2005-01-01,,13.0,350439.0,8619.0,,
George Bovell,200,IM,SCY,M,2003.0,102.66,1:42.66,0.18999999999999773,0.18473505104520926,True,0.18999999999999773,0.18473505104520926,2.0,2.0,Auburn,,2003-01-01,,13.0,827071.0,8619.0,,
Nate Dusing,200,IM,SCY,M,2001.0,102.85,1:42.85,,,True,,,,,Texas,,2001-01-01,,13.0,111386.0,8157.0,,
Ella Eastin,400,IM,SCY,F,2018.0,234.6,3:54.60,1.9300000000000068,0.8159641483109994,True,1.9300000000000068,0.8159641483109994,0.0,0.0,Stanford,Pac,2018-03-16,2018 NCAA DI - Women,14.0,2773439.0,8528.0,Final,62067.0
Katie Ledecky,400,IM,SCY,F,2018.0,236.53,3:56.53,0.009999999999990905,0.004227614779737425,True,0.009999999999990905,0.004227614779737425,6.0,6.0,Stanford,Pac,2018-02-23,2018 PAC 12 Champs women,14.0,2423430.0,8528.0,Final,14989.0
Katinka Hosszu,400,IM,SCY,F,2012.0,236.54,3:56.54,1.6899999999999977,0.7093984804600587,True,1.6899999999999977,0.7093984804600587,2.0,3.0,Southern California,Pac,2012-03-15,2012 NCAA DI - Women,14.0,1673601.0,8327.0,Final,136842.0
Julia Smit,400,IM,SCY,F,2010.0,238.23,3:58.23,2.3300000000000125,0.9685733288992403,False,4.050000000000011,1.6716196136701384,1.0,,Stanford,Pac,2010-02-24,2010 PAC 10 Champs women,14.0,532866.0,8528.0,Final,2044.0
Julia Smit,400,IM,SCY,F,2009.0,240.56,4:00.56,1.0,0.4139758238118894,False,,,0.0,,Stanford,Pac,2009-01-01,2010 PAC 10 Champs women,14.0,532866.0,8528.0,Final,2044.0
Julia Smit,400,IM,SCY,F,2009.0,241.56,4:01.56,0.7199999999999989,0.2971768202080233,True,,,17.0,17.0,Stanford,,2009-02-27,,14.0,532866.0,8528.0,,
Summer Sanders,400,IM,SCY,F,1992.0,242.28,4:02.28,,,True,,,,,Stanford,,1992-01-01,,14.0,525042.0,8528.0,,
Leon Marchand,400,IM,SCY,M,2023.0,208.82,3:28.82,2.75,1.2998062107104031,False,4.060000000000002,1.9071777527245408,0.0,,Arizona State,Pac,2023-03-24,2023 NCAA Division I Men's Championships,14.0,3858425.0,8311.0,Final,164416.0
Leon Marchand,400,IM,SCY,M,2023.0,211.57,3:31.57,1.3100000000000023,0.615370161593387,True,,,1.0,1.0,Arizona State,Pac,2023-03-03,2023 Men's Pac 12 Championships,14.0,3858425.0,8311.0,Final,165390.0
Hugo Gonzalez,400,IM,SCY,M,2022.0,212.88,3:32.88,0.539999999999992,0.25302220972729456,True,0.539999999999992,0.25302220972729456,5.0,8.0,California,Pac,2022-03-25,2022 NCAA Division I Men's Swimming Championships,14.0,2935336.0,8084.0,Final,122880.0
Chase Kalisz,400,IM,SCY,M,2017.0,213.42,3:33.42,1.0800000000000125,0.5034965034965093,False,2.5600000000000023,1.1852949347161785,3.0,,Georgia,SEC,2017-03-24,2017 NCAA DI - Men,14.0,233650.0,8388.0,Final,5268.0
Chase Kalisz,400,IM,SCY,M,2014.0,214.5,3:34.50,1.4799999999999898,0.6852486341327854,True,,,5.0,5.0,Georgia,SEC,2014-03-27,2014 NCAA DI - Men,14.0,233650.0,8388.0,Final,68879.0
Tyler Clary,400,IM,SCY,M,2009.0,215.98,3:35.98,2.0500000000000114,0.9402375819841359,False,2.170000000000016,0.9947283978913665,0.0,,Michigan,Big,2009-03-27,2009 NCAA DI - Men,14.0,2382090.0,8265.0,Final,10728.0
Tyler Clary,400,IM,SCY,M,2009.0,218.03,3:38.03,0.12000000000000455,0.05500802200321089,True,,,3.0,3.0,Michigan,Big,2009-02-26,2009 B1G 10 Champs Men,14.0,2382090.0,8265.0,Final,54099.0
Ryan Lochte,400,IM,SCY,M,2006.0,218.15,3:38.15,0.030000000000001137,0.013750114584288724,True,0.030000000000001137,0.013750114584288724,11.0,11.0,Florida,,2006-03-24,,14.0,350439.0,8619.0,,
Tom Dolan,400,IM,SCY,M,1995.0,218.18,3:38.18,,,True,,,,,Michigan,,1995-01-01,,14.0,952244.0,8265.0,,
Virginia,200,Freestyle Relay,SCY,F,2023.0,83.87,1:23.87,0.5999999999999943,0.710311353143121,True,,,1.0,1.0,Virginia,,2023-02-15,,15.0,,8136.0,,
Virginia,200,Freestyle Relay,SCY,F,2022.0,84.47,1:24.47,0.0799999999999983,0.09461856889414345,True,,,3.0,3.0,Virginia,,2022-02-16,,15.0,,8136.0,,
California,200,Freestyle Relay,SCY,F,2019.0,84.55,1:24.55,1.0400000000000063,1.2150952214043769,True,,,2.0,2.0,California,,2019-03-21,,15.0,,8084.0,,
California,200,Freestyle Relay,SCY,F,2017.0,85.59,1:25.59,0.6099999999999994,0.7076566125290017,True,,,8.0,8.0,California,,2017-03-16,,15.0,,8084.0,,
Arizona,200,Freestyle Relay,SCY,F,2009.0,86.2,1:26.20,0.7000000000000028,0.8055235903337201,True,,,1.0,1.0,Arizona,,2009-03-19,,15.0,,8654.0,,
Arizona,200,Freestyle Relay,SCY,F,2008.0,86.9,1:26.90,0.3299999999999983,0.3783102143757862,True,,,1.0,1.0,Arizona,,2008-03-20,,15.0,,8654.0,,
Arizona,200,Freestyle Relay,SCY,F,2007.0,87.23,1:27.23,0.8699999999999903,0.9875141884222366,True,,,2.0,2.0,Arizona,,2007-03-08,,15.0,,8654.0,,
Georgia,200,Freestyle Relay,SCY,F,2005.0,88.1,1:28.10,0.6400000000000006,0.7212080234392615,True,,,3.0,3.0,Georgia,,2005-01-01,,15.0,,8388.0,,
Georgia,200,Freestyle Relay,SCY,F,2002.0,88.74,1:28.74,0.15000000000000568,0.16874789065137324,True,,,1.0,1.0,Georgia,,2002-01-01,,15.0,,8388.0,,
Texas,200,Freestyle Relay,SCY,F,2001.0,88.89,1:28.89,,,True,,,,,Texas,,2001-01-01,,15.0,,8157.0,,
Florida,200,Freestyle Relay,SCY,M,2023.0,73.35,1:13.35,0.730000000000004,0.985421166306701,True,,,14.0,14.0,Florida,,2023-03-23,,15.0,,8619.0,,
Auburn,200,Freestyle Relay,SCY,M,2009.0,74.08,1:14.08,0.6299999999999955,0.8432606076830351,True,,,2.0,2.0,Auburn,,2009-03-28,,15.0,,8288.0,,
Auburn,200,Freestyle Relay,SCY,M,2007.0,74.71,1:14.71,1.0700000000000074,1.4119820533122294,True,,,2.0,2.0,Auburn,,2007-03-15,,15.0,,8288.0,,
California,200,Freestyle Relay,SCY,M,2005.0,75.78,1:15.78,0.3100000000000023,0.4074122749375769,True,,,1.0,1.0,California,,2005-01-01,,15.0,,8084.0,,
Auburn,200,Freestyle Relay,SCY,M,2004.0,76.09,1:16.09,0.3999999999999915,0.5229441757092319,True,,,2.0,2.0,Auburn,,2004-01-01,,15.0,,8288.0,,
Stanford,200,Freestyle Relay,SCY,M,2002.0,76.49,1:16.49,0.010000000000005116,0.013071895424843289,True,,,3.0,3.0,Stanford,,2002-01-01,,15.0,,8528.0,,
Auburn,200,Freestyle Relay,SCY,M,1999.0,76.5,1:16.50,,,True,,,,,Auburn,,1999-01-01,,15.0,,8288.0,,
Virginia,400,Freestyle Relay,SCY,F,2023.0,186.83,3:06.83,0.07999999999998408,0.042801348242461124,True,,,1.0,1.0,Virginia,,2023-02-18,,16.0,,8136.0,,
Virginia,400,Freestyle Relay,SCY,F,2022.0,186.91,3:06.91,0.05000000000001137,0.026743688489522553,True,,,3.0,3.0,Virginia,,2022-03-19,,16.0,,8136.0,,
California,400,Freestyle Relay,SCY,F,2019.0,186.96,3:06.96,0.44999999999998863,0.24011525532254877,True,,,0.0,0.0,California,,2019-03-23,,16.0,,8084.0,,
California,400,Freestyle Relay,SCY,F,2019.0,187.41,3:07.41,1.0999999999999943,0.5835234205081928,True,,,2.0,2.0,California,,2019-03-01,,16.0,,8084.0,,
Stanford,400,Freestyle Relay,SCY,F,2017.0,188.51,3:08.51,0.8900000000000148,0.46990496304119045,True,,,4.0,4.0,Stanford,,2017-02-25,,16.0,,8528.0,,
Georgia,400,Freestyle Relay,SCY,F,2013.0,189.4,3:09.40,0.47999999999998977,0.25279123657046015,True,,,4.0,4.0,Georgia,,2013-03-23,,16.0,,8388.0,,
California,400,Freestyle Relay,SCY,F,2009.0,189.88,3:09.88,2.25,1.1710820798417738,True,,,2.0,2.0,California,,2009-03-21,,16.0,,8084.0,,
California,400,Freestyle Relay,SCY,F,2007.0,192.13,3:12.13,0.6400000000000148,0.33200186751051236,True,,,1.0,1.0,California,,2007-03-10,,16.0,,8084.0,,
Arizona,400,Freestyle Relay,SCY,F,2006.0,192.77,3:12.77,0.9399999999999977,0.48526147333642955,True,,,4.0,4.0,Arizona,,2006-03-18,,16.0,,8654.0,,
Georgia,400,Freestyle Relay,SCY,F,2002.0,193.71,3:13.71,0.8100000000000023,0.41640962368908196,True,,,1.0,1.0,Georgia,,2002-01-01,,16.0,,8388.0,,
Texas,400,Freestyle Relay,SCY,F,2001.0,194.52,3:14.52,,,True,,,,,Texas,,2001-01-01,,16.0,,8157.0,,
Florida,400,Freestyle Relay,SCY,M,2023.0,164.07,2:44.07,0.2400000000000091,0.14606536425050765,True,,,5.0,5.0,Florida,,2023-03-25,,16.0,,8619.0,,
NC State,400,Freestyle Relay,SCY,M,2018.0,164.31,2:44.31,1.079999999999984,0.6530019952838649,True,,,1.0,1.0,NC State,,2018-03-24,,16.0,,8581.0,,
Texas,400,Freestyle Relay,SCY,M,2017.0,165.39,2:45.39,0.6400000000000148,0.3854725049689904,True,,,8.0,8.0,Texas,,2017-03-25,,16.0,,8157.0,,
Auburn,400,Freestyle Relay,SCY,M,2009.0,166.03,2:46.03,0.5300000000000011,0.31820365033621584,True,,,2.0,2.0,Auburn,,2009-02-21,,16.0,,8288.0,,
Auburn,400,Freestyle Relay,SCY,M,2007.0,166.56,2:46.56,1.1399999999999864,0.6797853309481136,True,,,2.0,2.0,Auburn,,2007-03-17,,16.0,,8288.0,,
California,400,Freestyle Relay,SCY,M,2005.0,167.7,2:47.70,1.2900000000000205,0.7633587786259662,True,,,2.0,2.0,California,,2005-03-26,,16.0,,8084.0,,
California,400,Freestyle Relay,SCY,M,2003.0,168.99,2:48.99,0.8100000000000023,0.4770318021201427,True,,,2.0,2.0,California,,2003-01-01,,16.0,,8084.0,,
Texas,400,Freestyle Relay,SCY,M,2001.0,169.8,2:49.80,,,True,,,,,Texas,,2001-01-01,,16.0,,8157.0,,
Stanford,800,Freestyle Relay,SCY,F,2017.0,405.91,6:45.91,6.729999999999961,1.6309616130282965,True,,,4.0,4.0,Stanford,,2017-03-15,,17.0,,8528.0,,
Georgia,800,Freestyle Relay,SCY,F,2013.0,412.64,6:52.64,0.05000000000001137,0.01211563158787743,True,,,4.0,4.0,Georgia,,2013-02-19,,17.0,,8388.0,,
California,800,Freestyle Relay,SCY,F,2009.0,412.69,6:52.69,1.329999999999984,0.3212405197816492,True,,,0.0,0.0,California,,2009-03-20,,17.0,,8084.0,,
Auburn,800,Freestyle Relay,SCY,F,2009.0,414.02,6:54.02,3.259999999999991,0.7812499999999978,True,,,1.0,1.0,Auburn,,2009-02-18,,17.0,,8288.0,,
Auburn,800,Freestyle Relay,SCY,F,2008.0,417.28,6:57.28,2.9700000000000273,0.7067221891731177,True,,,3.0,3.0,Auburn,,2008-02-20,,17.0,,8288.0,,
Florida,800,Freestyle Relay,SCY,F,2005.0,420.25,7:00.25,0.0,0.0,True,,,2.0,2.0,Florida,,2005-01-01,,17.0,,8619.0,,
Florida,800,Freestyle Relay,SCY,F,2003.0,420.25,7:00.25,0.75,0.17814726840855108,True,,,0.0,0.0,Florida,,2003-01-01,,17.0,,8619.0,,
Auburn,800,Freestyle Relay,SCY,F,2003.0,421.0,7:01.00,3.0600000000000023,0.7215960005659582,True,,,1.0,1.0,Auburn,,2003-01-01,,17.0,,8288.0,,
Stanford,800,Freestyle Relay,SCY,F,2002.0,424.06,7:04.06,,,True,,,,,Stanford,,2002-01-01,,17.0,,8528.0,,
Texas,800,Freestyle Relay,SCY,M,2023.0,363.42,6:03.42,0.46999999999997044,0.1291599109620958,True,,,1.0,1.0,Texas,,2023-03-22,,17.0,,8157.0,,
Texas,800,Freestyle Relay,SCY,M,2022.0,363.89,6:03.89,1.1899999999999977,0.3259559548592083,True,,,3.0,3.0,Texas,,2022-03-23,,17.0,,8157.0,,
Texas,800,Freestyle Relay,SCY,M,2019.0,365.08,6:05.08,0.2300000000000182,0.06296022556185656,True,,,1.0,1.0,Texas,,2019-03-27,,17.0,,8157.0,,
NC State,800,Freestyle Relay,SCY,M,2018.0,365.31,6:05.31,1.2199999999999704,0.3328513354977684,True,,,1.0,1.0,NC State,,2018-03-21,,17.0,,8581.0,,
NC State,800,Freestyle Relay,SCY,M,2017.0,366.53,6:06.53,1.5,0.4075754693910823,True,,,1.0,1.0,NC State,,2017-03-22,,17.0,,8581.0,,
Texas,800,Freestyle Relay,SCY,M,2016.0,368.03,6:08.03,1.82000000000005,0.49209138840071653,True,,,2.0,2.0,Texas,,2016-03-23,,17.0,,8157.0,,
Michigan,800,Freestyle Relay,SCY,M,2014.0,369.85,6:09.85,0.3100000000000023,0.08374756861897618,True,,,5.0,5.0,Michigan,,2014-02-26,,17.0,,8265.0,,
Texas,800,Freestyle Relay,SCY,M,2009.0,370.16,6:10.16,0.38999999999998636,0.10524895425718159,True,,,1.0,1.0,Texas,,2009-03-27,,17.0,,8157.0,,
Texas,800,Freestyle Relay,SCY,M,2008.0,370.55,6:10.55,3.589999999999975,0.9595338643288542,True,,,1.0,1.0,Texas,,2008-02-27,,17.0,,8157.0,,
Arizona,800,Freestyle Relay,SCY,M,2007.0,374.14,6:14.14,2.1100000000000136,0.5607973421926947,True,,,2.0,2.0,Arizona,,2007-03-16,,17.0,,8654.0,,
Florida,800,Freestyle Relay,SCY,M,2005.0,376.25,6:16.25,1.1000000000000227,0.2915065588975812,True,,,3.0,3.0,Florida,,2005-01-01,,17.0,,8619.0,,
Southern,800,Freestyle Relay,SCY,M,2002.0,377.35,6:17.35,0.6499999999999773,0.17195767195766593,True,,,1.0,1.0,California,,2002-01-01,,17.0,,8084.0,,
Texas,800,Freestyle Relay,SCY,M,2001.0,378.0,6:18.00,,,True,,,,,Texas,,2001-01-01,,17.0,,8157.0,,
Virginia,200,Medley Relay,SCY,F,2023.0,91.51,1:31.51,0.29999999999999716,0.3267617906546097,True,,,1.0,1.0,Virginia,,2023-03-15,,18.0,,8136.0,,
Virginia,200,Medley Relay,SCY,F,2022.0,91.81,1:31.81,1.2999999999999972,1.3961980453227334,True,,,4.0,4.0,Virginia,,2022-02-17,,18.0,,8136.0,,
Stanford,200,Medley Relay,SCY,F,2018.0,93.11,1:33.11,1.0400000000000063,1.1046202867764272,True,,,2.0,2.0,Stanford,,2018-03-16,,18.0,,8528.0,,
Stanford,200,Medley Relay,SCY,F,2016.0,94.15,1:34.15,0.0899999999999892,0.09550084889642317,True,,,4.0,4.0,Stanford,,2016-02-24,,18.0,,8528.0,,
California,200,Medley Relay,SCY,F,2012.0,94.24,1:34.24,0.7900000000000063,0.8313164263916724,True,,,1.0,1.0,California,,2012-03-16,,18.0,,8084.0,,
California,200,Medley Relay,SCY,F,2011.0,95.03,1:35.03,0.2600000000000051,0.27285129604366154,True,,,3.0,3.0,California,,2011-03-17,,18.0,,8084.0,,
Arizona,200,Medley Relay,SCY,F,2008.0,95.29,1:35.29,0.7999999999999972,0.8325528150692031,True,,,1.0,1.0,Arizona,,2008-03-21,,18.0,,8654.0,,
Arizona,200,Medley Relay,SCY,F,2007.0,96.09,1:36.09,0.5999999999999943,0.6205398696866214,True,,,4.0,4.0,Arizona,,2007-03-09,,18.0,,8654.0,,
Auburn,200,Medley Relay,SCY,F,2003.0,96.69,1:36.69,1.0,1.0236462278636502,True,,,0.0,0.0,Auburn,,2003-01-01,,18.0,,8288.0,,
Auburn,200,Medley Relay,SCY,F,2003.0,97.69,1:37.69,0.0799999999999983,0.08182469060038693,True,,,1.0,1.0,Auburn,,2003-01-01,,18.0,,8288.0,,
Stanford,200,Medley Relay,SCY,F,2002.0,97.77,1:37.77,,,True,,,,,Stanford,,2002-01-01,,18.0,,8528.0,,
NC State,200,Medley Relay,SCY,M,2023.0,80.67,1:20.67,0.45999999999999375,0.566991248613329,True,,,1.0,1.0,NC State,,2023-03-22,,18.0,,8581.0,,
Florida,200,Medley Relay,SCY,M,2022.0,81.13,1:21.13,0.4100000000000108,0.5028207014962114,True,,,5.0,5.0,Florida,,2022-03-23,,18.0,,8619.0,,
Texas,200,Medley Relay,SCY,M,2017.0,81.54,1:21.54,0.7299999999999898,0.8873222316761757,True,,,4.0,4.0,Texas,,2017-03-24,,18.0,,8157.0,,
Michigan,200,Medley Relay,SCY,M,2013.0,82.27,1:22.27,0.09000000000000341,0.10927634774162628,True,,,4.0,4.0,Michigan,,2013-03-29,,18.0,,8265.0,,
Auburn,200,Medley Relay,SCY,M,2009.0,82.36,1:22.36,0.21999999999999886,0.266408331315087,True,,,0.0,0.0,Auburn,,2009-03-27,,18.0,,8288.0,,
Auburn,200,Medley Relay,SCY,M,2009.0,82.58,1:22.58,0.6599999999999966,0.7928880345987466,True,,,1.0,1.0,Auburn,,2009-03-27,,18.0,,8288.0,,
Auburn,200,Medley Relay,SCY,M,2008.0,83.24,1:23.24,0.13000000000000966,0.15593139018832872,True,,,1.0,1.0,Auburn,,2008-03-28,,18.0,,8288.0,,
Auburn,200,Medley Relay,SCY,M,2007.0,83.37,1:23.37,1.0899999999999892,1.2905517404688482,True,,,4.0,4.0,Auburn,,2007-03-16,,18.0,,8288.0,,
Texas,200,Medley Relay,SCY,M,2003.0,84.46,1:24.46,0.010000000000005116,0.011838522552391519,True,,,2.0,2.0,Texas,,2003-01-01,,18.0,,8157.0,,
Texas,200,Medley Relay,SCY,M,2001.0,84.47,1:24.47,,,True,,,,,Texas,,2001-01-01,,18.0,,8157.0,,
Virginia,400,Medley Relay,SCY,F,2023.0,201.8,3:21.80,0.539999999999992,0.26687753286547,True,,,1.0,1.0,Virginia,,2023-02-17,,19.0,,8136.0,,
Virginia,400,Medley Relay,SCY,F,2022.0,202.34,3:22.34,2.25,1.099760496602962,True,,,1.0,1.0,Virginia,,2022-02-18,,19.0,,8136.0,,
NC State,400,Medley Relay,SCY,F,2021.0,204.59,3:24.59,0.5,0.2437954068945341,True,,,3.0,3.0,NC State,,2021-03-18,,19.0,,8581.0,,
Stanford,400,Medley Relay,SCY,F,2018.0,205.09,3:25.09,1.049999999999983,0.509362569127769,True,,,2.0,2.0,Stanford,,2018-03-05,,19.0,,8528.0,,
Stanford,400,Medley Relay,SCY,F,2016.0,206.14,3:26.14,1.960000000000008,0.9418548774627621,True,,,4.0,4.0,Stanford,,2016-03-17,,19.0,,8528.0,,
California,400,Medley Relay,SCY,F,2012.0,208.1,3:28.10,0.1599999999999966,0.0768270431191763,True,,,0.0,0.0,California,,2012-03-15,,19.0,,8084.0,,
California,400,Medley Relay,SCY,F,2012.0,208.26,3:28.26,0.05000000000001137,0.02400268830109518,True,,,3.0,3.0,California,,2012-02-24,,19.0,,8084.0,,
Arizona,400,Medley Relay,SCY,F,2009.0,208.31,3:28.31,0.75,0.3587486845881565,True,,,1.0,1.0,Arizona,,2009-03-20,,19.0,,8654.0,,
Arizona,400,Medley Relay,SCY,F,2008.0,209.06,3:29.06,1.1200000000000045,0.5328765819773549,True,,,1.0,1.0,Arizona,,2008-03-20,,19.0,,8654.0,,
California,400,Medley Relay,SCY,F,2007.0,210.18,3:30.18,1.2699999999999818,0.6006148025537866,True,,,4.0,4.0,California,,2007-03-08,,19.0,,8084.0,,
Auburn,400,Medley Relay,SCY,F,2003.0,211.45,3:31.45,0.29000000000002046,0.1369604231604895,True,,,1.0,1.0,Auburn,,2003-01-01,,19.0,,8288.0,,
Stanford,400,Medley Relay,SCY,F,2002.0,211.74,3:31.74,0.6899999999999977,0.3248128795367875,True,,,0.0,0.0,Stanford,,2002-01-01,,19.0,,8528.0,,
Stanford,400,Medley Relay,SCY,F,2002.0,212.43,3:32.43,,,True,,,,,Stanford,,2002-01-01,,19.0,,8528.0,,
Florida,400,Medley Relay,SCY,M,2023.0,178.32,2:58.32,0.9000000000000057,0.5021760964178137,True,,,6.0,6.0,Florida,,2023-03-24,,19.0,,8619.0,,
Texas,400,Medley Relay,SCY,M,2017.0,179.22,2:59.22,1.460000000000008,0.8080584458711577,True,,,1.0,1.0,Texas,,2017-03-23,,19.0,,8157.0,,
Texas,400,Medley Relay,SCY,M,2016.0,180.68,3:00.68,0.549999999999983,0.3034817635049291,True,,,1.0,1.0,Texas,,2016-03-24,,19.0,,8157.0,,
Texas,400,Medley Relay,SCY,M,2015.0,181.23,3:01.23,0.1599999999999966,0.08820772920226948,True,,,6.0,6.0,Texas,,2015-03-26,,19.0,,8157.0,,
Auburn,400,Medley Relay,SCY,M,2009.0,181.39,3:01.39,3.0100000000000193,1.6323210412147608,True,,,2.0,2.0,Auburn,,2009-03-26,,19.0,,8288.0,,
Northwestern,400,Medley Relay,SCY,M,2007.0,184.4,3:04.40,0.9699999999999989,0.5232777687867501,True,,,6.0,6.0,Northwestern,,2007-03-15,,19.0,,27.0,,
Texas,400,Medley Relay,SCY,M,2001.0,185.37,3:05.37,,,True,,,,,Texas,,2001-01-01,,19.0,,8157.0,,
